{
    "w/o Naive Bayes": {
        "Accuracy": 0.543859649122807,
        "Precision": 0.5795759874707244,
        "Recall": 0.543859649122807,
        "F1 Score": 0.55309604749165
    },
    "w/o Logistic Regression": {
        "Accuracy": 0.5614035087719298,
        "Precision": 0.5658968224757698,
        "Recall": 0.5614035087719298,
        "F1 Score": 0.5607178420599833
    },
    "w/o K-Nearest Neighbors": {
        "Accuracy": 0.5526315789473685,
        "Precision": 0.5416104363472783,
        "Recall": 0.5526315789473685,
        "F1 Score": 0.5439027473695703
    },
    "w/o Support Vector Machine": {
        "Accuracy": 0.5877192982456141,
        "Precision": 0.5722956380851117,
        "Recall": 0.5877192982456141,
        "F1 Score": 0.5771686595738004
    },
    "w_roberta Naive Bayes": {
        "Accuracy": 0.5932203389830508,
        "Precision": 0.6231952291274325,
        "Recall": 0.5932203389830508,
        "F1 Score": 0.5985251657713958
    },
    "w_roberta Logistic Regression": {
        "Accuracy": 0.6271186440677966,
        "Precision": 0.5296814869401457,
        "Recall": 0.6271186440677966,
        "F1 Score": 0.569177409855376
    },
    "w_roberta K-Nearest Neighbors": {
        "Accuracy": 0.6779661016949152,
        "Precision": 0.6697709070590426,
        "Recall": 0.6779661016949152,
        "F1 Score": 0.6673374093852386
    },
    "w_roberta Support Vector Machine": {
        "Accuracy": 0.6440677966101694,
        "Precision": 0.539964317573595,
        "Recall": 0.6440677966101694,
        "F1 Score": 0.5857427716849453
    },
    "vader Naive Bayes": {
        "Accuracy": 0.6271186440677966,
        "Precision": 0.6324027916251246,
        "Recall": 0.6271186440677966,
        "F1 Score": 0.62791154535277
    },
    "vader Logistic Regression": {
        "Accuracy": 0.6271186440677966,
        "Precision": 0.5296814869401457,
        "Recall": 0.6271186440677966,
        "F1 Score": 0.569177409855376
    },
    "vader K-Nearest Neighbors": {
        "Accuracy": 0.6101694915254238,
        "Precision": 0.5797661279726711,
        "Recall": 0.6101694915254238,
        "F1 Score": 0.5816187800235656
    },
    "vader Support Vector Machine": {
        "Accuracy": 0.6271186440677966,
        "Precision": 0.5191741847627849,
        "Recall": 0.6271186440677966,
        "F1 Score": 0.5680626936395116
    }
}