{
    "w/o Naive Bayes": {
        "Accuracy": 0.5973154362416108,
        "Precision": 0.5909090909090909,
        "Recall": 0.6341463414634146,
        "F1 Score": 0.611764705882353
    },
    "w/o Logistic Regression": {
        "Accuracy": 0.6040268456375839,
        "Precision": 0.7045454545454546,
        "Recall": 0.5535714285714286,
        "F1 Score": 0.62
    },
    "w/o K-Nearest Neighbors": {
        "Accuracy": 0.5503355704697986,
        "Precision": 0.6136363636363636,
        "Recall": 0.6,
        "F1 Score": 0.6067415730337078
    },
    "w/o Support Vector Machine": {
        "Accuracy": 0.5704697986577181,
        "Precision": 0.5227272727272727,
        "Recall": 0.6388888888888888,
        "F1 Score": 0.575
    },
    "w_roberta Naive Bayes": {
        "Accuracy": 0.5932203389830508,
        "Precision": 0.7142857142857143,
        "Recall": 0.5,
        "F1 Score": 0.588235294117647
    },
    "w_roberta Logistic Regression": {
        "Accuracy": 0.6271186440677966,
        "Precision": 0.7857142857142857,
        "Recall": 0.4782608695652174,
        "F1 Score": 0.5945945945945946
    },
    "w_roberta K-Nearest Neighbors": {
        "Accuracy": 0.6779661016949152,
        "Precision": 0.6428571428571429,
        "Recall": 0.6923076923076923,
        "F1 Score": 0.6666666666666666
    },
    "w_roberta Support Vector Machine": {
        "Accuracy": 0.6440677966101694,
        "Precision": 0.7857142857142857,
        "Recall": 0.55,
        "F1 Score": 0.6470588235294117
    },
    "vader Naive Bayes": {
        "Accuracy": 0.6271186440677966,
        "Precision": 0.6428571428571429,
        "Recall": 0.5294117647058824,
        "F1 Score": 0.5806451612903226
    },
    "vader Logistic Regression": {
        "Accuracy": 0.6271186440677966,
        "Precision": 0.7857142857142857,
        "Recall": 0.4782608695652174,
        "F1 Score": 0.5945945945945946
    },
    "vader K-Nearest Neighbors": {
        "Accuracy": 0.6101694915254238,
        "Precision": 0.42857142857142855,
        "Recall": 0.6,
        "F1 Score": 0.5
    },
    "vader Support Vector Machine": {
        "Accuracy": 0.6271186440677966,
        "Precision": 0.6428571428571429,
        "Recall": 0.5294117647058824,
        "F1 Score": 0.5806451612903226
    }
}