{
    "Naive Bayes": {
        "Accuracy": 0.543859649122807,
        "Precision": 0.5795759874707244,
        "Recall": 0.543859649122807,
        "F1 Score": 0.55309604749165
    },
    "Logistic Regression": {
        "Accuracy": 0.5614035087719298,
        "Precision": 0.5658968224757698,
        "Recall": 0.5614035087719298,
        "F1 Score": 0.5607178420599833
    },
    "K-Nearest Neighbors": {
        "Accuracy": 0.5526315789473685,
        "Precision": 0.5416104363472783,
        "Recall": 0.5526315789473685,
        "F1 Score": 0.5439027473695703
    },
    "Support Vector Machine": {
        "Accuracy": 0.5877192982456141,
        "Precision": 0.5722956380851117,
        "Recall": 0.5877192982456141,
        "F1 Score": 0.5771686595738004
    }
}