{
    "Naive Bayes": {
        "Accuracy": 0.6271186440677966,
        "Precision": 0.6428571428571429,
        "Recall": 0.5294117647058824,
        "F1 Score": 0.5806451612903226
    },
    "Logistic Regression": {
        "Accuracy": 0.6271186440677966,
        "Precision": 0.7857142857142857,
        "Recall": 0.4782608695652174,
        "F1 Score": 0.5945945945945946
    },
    "K-Nearest Neighbors": {
        "Accuracy": 0.6101694915254238,
        "Precision": 0.42857142857142855,
        "Recall": 0.6,
        "F1 Score": 0.5
    },
    "Support Vector Machine": {
        "Accuracy": 0.6271186440677966,
        "Precision": 0.6428571428571429,
        "Recall": 0.5294117647058824,
        "F1 Score": 0.5806451612903226
    }
}