{
    "Naive Bayes": {
        "Accuracy": 0.5932203389830508,
        "Precision": 0.7142857142857143,
        "Recall": 0.5,
        "F1 Score": 0.588235294117647
    },
    "Logistic Regression": {
        "Accuracy": 0.6271186440677966,
        "Precision": 0.7857142857142857,
        "Recall": 0.4782608695652174,
        "F1 Score": 0.5945945945945946
    },
    "K-Nearest Neighbors": {
        "Accuracy": 0.6779661016949152,
        "Precision": 0.6428571428571429,
        "Recall": 0.6923076923076923,
        "F1 Score": 0.6666666666666666
    },
    "Support Vector Machine": {
        "Accuracy": 0.6440677966101694,
        "Precision": 0.7857142857142857,
        "Recall": 0.55,
        "F1 Score": 0.6470588235294117
    }
}