{
    "Naive Bayes": {
        "Accuracy": 0.5973154362416108,
        "Precision": 0.5909090909090909,
        "Recall": 0.6341463414634146,
        "F1 Score": 0.611764705882353
    },
    "Logistic Regression": {
        "Accuracy": 0.6040268456375839,
        "Precision": 0.7045454545454546,
        "Recall": 0.5535714285714286,
        "F1 Score": 0.62
    },
    "K-Nearest Neighbors": {
        "Accuracy": 0.5503355704697986,
        "Precision": 0.6136363636363636,
        "Recall": 0.6,
        "F1 Score": 0.6067415730337078
    },
    "Support Vector Machine": {
        "Accuracy": 0.5704697986577181,
        "Precision": 0.5227272727272727,
        "Recall": 0.6388888888888888,
        "F1 Score": 0.575
    }
}